Crowd Accuracy,Crowd Confidence,RF Accuracy,RF Confidence,Majority Vote Accuracy,crowd_id
0.73665,0.765325,0.8666666666666667,0.6859080952380953,0.7966666666666666,0
0.723325,0.815175,0.8266666666666667,0.6726198941798941,0.7666666666666667,1
